Código,Nome,Site,Rua,CEP,Cidade,Estado,CNPJ,Data de início de atividade,Unnamed: 9,quantidade_de_cursos,preco_medio,preco_std,duracao_media,duracao_std,maturidade_media,prop_online,preco_hora_medio,idade
1,SENAI,cursos.sesisenai.org.br,Rod. Admar Gonzaga 2765,88034-001,Florianópolis,SC,03.774.688/0002-36,2000-05-11,,117,2512.4729059829056,5313.7770361623425,81.78632478632478,121.26532533757474,3.1538461538461537,0.5641025641025641,30.719963423555225,22.432876712328767
2,FUNDAÇÃO DOM CABRAL SP,https://www.fdc.org.br/,Av. Dr. Cardoso de Melo 1.184,04548-004,São Paulo,SP,19.268.267/0003-54,2008-01-09,,6,71186.66666666667,60016.323242560895,517.5,472.7330994687524,4.0,0.0,137.55877616747182,14.764383561643836
3,FUNDAÇÃO DOM CABRAL MG,https://www.fdc.org.br/,Rua Bernardo Guimarães 3.071,30140-083,Belo Horizonte,MG,19.268.267/0001-92,1976-11-04,,4,32500.0,0.0,450.0,0.0,4.0,0.0,72.22222222222223,45.964383561643835
4,FUNDAÇÃO DOM CABRAL MG,https://www.fdc.org.br/,Av. Princesa Diana 760,34018-006,Nova Lima,MG,19.268.267/0001-92,1976-11-04,,10,52250.0,58025.35411352524,250.1,427.4286958078505,4.0,0.4,208.91643342662934,45.964383561643835
5,SENAC,https://www.ead.senac.br/,,,São Paulo,SP,03.709.814/0001-98,2000-01-11,,2471,6127.277988668556,1543.8458914208975,355.566976932416,37.72324974809483,3.9943342776203967,0.013759611493322542,17.232415792744415,22.764383561643836
6,ITC CURSOS E TREINAMENTOS,https://www.itccursosetreinamentos.com.br/,,,Florianópolis,SC,03.016.693/0001-07,1999-03-08,,117,241.07692307692307,62.29103924337533,6.854700854700854,3.0725277248405427,2.1367521367521367,1.0,35.16957605985037,23.610958904109587
7,SEST SENAT,https://www.sestsenat.org.br/,Ed. Clésio Andrade,70070-944,Brasília,DF,73.471.989/0001-95,1993-10-08,,16,0.0,0.0,240.25,167.50652972347078,4.0,1.0,0.0,29.027397260273972
8,PREPARA CURSOS,https://www.prepara.com.br/,Avenida Bady Bassit 4960,,São José do Rio Preto,SP,13.696.742/0001-45,2011-05-24,,11,2626.364545454546,1414.9879202784327,258.3636363636364,133.95540148413897,1.0909090909090908,0.8181818181818182,10.165380014074596,11.391780821917807
9,CDL FLORIANOPOLIS,https://www.cdlflorianopolis.org.br/capacitacao,Rua Felipe Schmidt 679,88010-001,Florianópolis,SC,83.901.660/0001-70,1971-04-30,,63,199.8360655737705,155.25295914160608,7.721311475409836,7.803175367824042,1.5238095238095237,0.4603174603174603,25.881104033970278,51.484931506849314
12,ANHAGUERA,https://www.anhanguera.com/cursos/,,,,,04.310.392/0034-04,2014-01-06,,265,697.4726037735849,395.2271344940655,1114.4150943396226,984.8170682341814,2.8377358490566036,0.720754716981132,0.6258642828118651,8.767123287671232
13,ECONET TREINAMENTO E DESENVOVIMENTO,https://www.econettreinamento.com.br/,Rua Gago Coutinho nº 553,82.510-230,Curitiba ,PR,09.597.887/0001-11,2008-05-19,,11,850.5454545454545,268.4434471122748,8.727272727272727,2.2998382983042758,2.0,0.0,97.45833333333334,14.405479452054795
14,CENOFISCO - CENTRO DE CAPACITAÇÃO PROFISSIONAL,https://cursos.cenofisco.com.br/,Av. Paulista 1.337,01311-200,São Paulo,SP,07.799.454/0001-13,2006-01-04,,117,,,12.034188034188034,7.761323818630079,2.264957264957265,0.8717948717948718,,16.778082191780822
15,CEFIS,https://cefis.com.br/,,,,,20.799.537/0001-70,2014-08-07,,114,21.9,0.0,1.7280701754385965,1.019847664228978,1.587719298245614,1.0,12.673096446700507,8.183561643835617
17,FGV - FUNDAÇÃO GETÚLIO VARGAS,https://portal.fgv.br/,,,,,33.641.663/0001-44,1967-02-16,,51,20015.561764705886,19810.11525004708,222.0392156862745,192.27043462466457,3.9607843137254903,0.6274509803921569,90.14426439420701,55.68767123287671
20,ABIMAQ,https://abimaq.org.br/cursos,Avenida Jabaquara 2925 Entrada Social: Rua Bento de Lemos s/n,04045-902,São Paulo,SP,46.390.209/0001-00,1975-03-05,,7,618.5714285714286,259.5836540874401,9.428571428571429,3.6589281356759136,2.7142857142857144,1.0,65.60606060606061,47.635616438356166
21,ABRASEL,https://www.abrasel.com.br/conexao/cursos,Rua Bambuí 20 cj 102/103 Serra,30.210-490,Belo Horizonte,MG,13.353.423/0001-37,2011-03-02,,9,0.0,0.0,0.0,0.0,2.0,1.0,,11.61917808219178
22,ACIL,http://acil.com.br/agenda,Rua Minas Gerais 297 1º Andar,86010-905,Londrina ,PR,76.929.157/0001-68,1973-11-16,,8,226.75,65.94078783272157,6.875,2.7585095613392387,1.25,1.0,32.981818181818184,48.93424657534246
23,ACCELERE,https://accelere.se/quem-somos/,Av. T-1 nº 2208 1º andar Setor Bueno,74.215-022,Goiânia,GO,22.491.853/0001-06,2015-04-24,,4,,,41.5,11.779218989389747,3.0,1.0,,7.471232876712329
24,AGÊNCIA DE BOLSO,https://agenciadebolso.com/,Av. Juscelino Kubitscheck 350,89201-100,Joinville,SC,33.221.091/0001-44,2019-04-01,,3,525.9666666666667,217.35010671469402,2.6666666666666665,0.9428090415820634,1.0,1.0,197.2375,3.5315068493150683
27,BOM NEGÓCIO,http://www.bomnegocio.curitiba.br/programa/o-que-e/,Rua Engenheiros Rebouças 1732 1º Andar - Rebouças,80230-040,Curitiba ,PR,Não encontrado,,,1,0.0,0.0,90.0,0.0,1.0,0.0,0.0,
28,BRADESCO ESCOLA,https://www.ev.org.br/areas-de-interesse,,,,,60.701.521/0001-06,1970-04-30,,30,,,11.666666666666666,7.24031920720504,1.6333333333333333,1.0,,52.484931506849314
30,CAP CURSOS PROFISSIONALIZANTES,https://ead.cursosonlinecap.com.br/,,,Rosário,MA,Não encontrado,,,8,128.75,32.185982973959334,11.0,2.449489742783178,1.125,1.0,11.704545454545455,
31,UDEMY,https://udemy.com/,,,,,29.030.862/0001-49,2017-11-08,,55,26.336363636363643,19.237051027415948,5.345454545454546,6.7101501996959305,1.8181818181818181,1.0,4.92687074829932,4.926027397260274
32,CDL MATRIZ,https://cdls.org.br/author,,,,,03.488.542/0001-43,1999-03-04,,144,118.79250000000002,229.8765814382796,7.733333333333333,2.9089898972361903,1.4594594594594594,0.08333333333333333,15.361099137931037,23.621917808219177
34,SESCAR LDR,https://www.sescapldr.com.br/cursos,,,,,Não encontrado,,,37,0.0,0.0,8.0,1.8027756377319946,2.4864864864864864,1.0,0.0,
35,ESCON ESCOLA DE CURSOS ONLINE,https://cursosescon.com.br/cursos,,,,,11.362.429/0001-45,2009-11-30,,8,0.0,0.0,8.0,0.0,2.0,1.0,0.0,12.871232876712329
37,CRUZEIRO DO SUL,https://www.cruzeirodosul.edu.br/,,,,,62.984.091/0001-02,1970-12-18,,12,,,28.333333333333332,32.36081306491267,2.8333333333333335,0.0,,51.84931506849315
38,DOMESTIKA,https://www.domestika.org/pt,,,,,39.801.267/0001-13,2020-11-16,,47,43.0,12.682707275254256,2.4893617021276597,0.9865551590952877,2.1702127659574466,1.0,17.273504273504273,1.9013698630136986
41,EB TREINAMENTOS,https://ebtreinamentos.com/,,,,,14.197.449/0001-04,2011-08-29,,8,198.66666666666666,183.52262954621037,40.125,47.02243480510128,2.75,1.0,4.951194184839045,11.126027397260273
50,TOTVS,https://www.totvs.com/consulting/,,,,,53.113.791/0001-22,1983-12-13,,27,,,13.333333333333334,6.622073078111705,2.1481481481481484,1.0,,38.85479452054795
80,CARLOS ESAU,https://www.carlosesaumentor.com/,,,,RS,10.824.337/0001-77,2009-05-14,,3,2573.0,1655.4167652487595,12.333333333333334,7.133644853010899,3.6666666666666665,0.0,208.6216216216216,13.419178082191781
98,PAULA PEDROZA,http://paulapedrosa.com.br/,,,,AM,26.765.311/0001-35,2016-12-27,,4,263.3333333333333,202.70394394014363,7.0,4.06201920231798,3.0,0.0,37.61904761904761,5.791780821917809
102,CARLAGO,http://www.carlagalo.com.br/,,,,BA,08.606.894/0001-70,2007-01-26,,76,0.0,0.0,0.0,0.0,3.0,0.0,,15.717808219178082
104,DNCE,https://dnce.com.br/,,,,BA,23.724.502/0001-60,2015-11-24,,13,294.5846153846154,143.36087786343646,17.692307692307693,13.355405793360434,2.3846153846153846,0.0,16.650434782608695,6.884931506849315
105,CONGNITIVE CPC,https://cognitivecpc.webnode.com/,,,,BA,28.942.151/0001-88,2020-04-28,,1,49.99,0.0,0.0,0.0,2.0,1.0,inf,2.4547945205479453
107,CONEX CONTÁBIL,http://www.conexcontabil.com.br/,,,,BA,07.003.927/0001-24,2004-09-20,,2,0.0,0.0,0.0,0.0,2.0,0.0,,18.068493150684933
108,REDE GESS,https://redegess.com.br/,,,,BA,26.826.512/0001-03,2017-01-09,,3,0.0,0.0,0.0,0.0,2.0,0.0,,5.756164383561644
120,EVOLUIR SST,https://evoluirsst.com/,,,,GO,33.597.866/0001-80,2019-05-13,,15,109.78000000000002,35.11372381277725,10.933333333333334,8.69840342949338,2.2,1.0,10.040853658536587,3.4164383561643836
127,ACCELERE,https://accelere.se/,,,,GO,07.322.394/0001-43,2005-03-18,,4,,,39.0,15.0,3.25,0.0,,17.578082191780823
130,GAKKAICONSULTORIA,https://gakkaiconsultoria.com.br/,,,,,17.059.788/0001-04,2015-07-07,,13,,,14.4,3.2,4.0,0.0,,7.2684931506849315
132,COMSCHOOL,https://www.comschool.com.br/,,,,,17.816.363/0001-00,2013-02-06,,7,2910.0714285714284,1632.3545752022364,65.14285714285714,48.44858414982267,3.7142857142857144,0.14285714285714285,44.67214912280702,9.682191780821919
134,CURSOS CPT,https://www.cpt.com.br/cursos-gestaoempresarial,,,,,05.052.622/0001-87,2002-05-10,,35,663.1142857142858,80.32461690934264,52.31428571428572,18.356425778101215,2.085714285714286,1.0,12.675587110868378,20.435616438356163
136,PRIME CRUSOS,https://www.primecursos.com.br/,,,,,09.408.027/0001-92,2018-03-10,,104,0.0,0.0,31.14423076923077,9.069622022943031,2.4903846153846154,1.0,0.0,4.5917808219178085
138,FACOPI,https://www.facopi.com.br/,,,,MG,24.923.680/0001-83,2016-06-02,,5,540.0,480.0,18.8,15.67673435381234,4.0,1.0,28.72340425531915,6.361643835616438
148,PORTAL FGV,https://portal.fgv.br/,,,,,33.641.663/0001-44,1967-02-16,,25,15976.7292,24069.471484006113,55.2,40.40989977715857,3.36,0.64,289.4335,55.68767123287671
149,IED SÃO PAULO,https://ied.edu.br/sao_paulo/,,,,,08.620.427/0001-02,2007-01-31,,12,,,40.36363636363637,7.7138921583987,2.5833333333333335,0.0,,15.704109589041096
150,GRUPO IBECC,https://ibecc.com.br/calendario-de-cursos/,,,,pr,06.860.103/0001-08,,,25,653.0,226.7333235322942,8.12,3.8400000000000003,2.68,1.0,80.41871921182266,
161,COURSERA,https://pt.coursera.org/,,,,,Não localizado,,,10,43948.814,45652.65433525442,387.0,158.62219264655246,4.0,1.0,113.562826873385,
162,ROCK UNIVERSITY,https://university.br.rockcontent.com/,,,,,16.501.060/0001-28,2012-07-16,,8,0.0,0.0,0.0,0.0,2.75,1.0,,10.243835616438357
169,ILOVERS,https://llovers.com.br/?ref=U10046768C,,,,,08.898.065/0001-08,2007-06-06,,6,597.0,0.0,2.1666666666666665,2.608745973749755,2.0,1.0,275.53846153846155,15.35890410958904
175,EDUZZ,https://academia360.eduzz.com/cursos,,,,,09.573.540/0001-39,2008-05-07,,7,0.0,0.0,2.5714285714285716,3.063944369932459,1.7142857142857142,1.0,0.0,14.438356164383562
177,ACADEMY HUBSPOT,https://academy.hubspot.com/pt/,,,,,Não localizado,,,30,0.0,0.0,1.2,0.7483314773547881,2.1333333333333333,1.0,0.0,
179,SAPIUM,https://www.sapium.com.br/,,,,,31.749.194/0001-56,2018-10-11,,3,79.93333333333334,28.331411699541007,1.0,0.0,1.6666666666666667,1.0,79.93333333333334,4.002739726027397
181,ACADEMIA ELORE,https://academia.elore.com.br/home,,,,,Não localizado,,,3,29.96666666666667,42.37926641911375,8.0,0.0,1.0,1.0,3.7458333333333336,
184,CENTRO EUROPEU,https://centroeuropeu.com.br/portal/areas/escola-de-negocios/,,,,,17.572.180/0001-89,2012-12-18,,2,,,164.0,0.0,4.0,0.5,,9.819178082191781
192,FIEG,https://fieg.com.br/home,,,,,01.618.958/0001-03,1969-06-18,,9,400.0,0.0,486.8888888888889,272.38389756797477,3.888888888888889,0.1111111111111111,0.8215426745778183,53.35068493150685
193,FIESP,https://www.fiesp.com.br/,,,,,62.225.933.0001-34,1968-10-15,,12,,,16.0,0.0,2.0,0.0,,54.02465753424657
194,FIRJAN,https://www.firjan.com.br/pagina-inicial.htm,,,,,42.422.212/0001-07,1975-04-16,,14,308.4166666666667,42.121764630123884,13.642857142857142,4.638459455729777,2.5714285714285716,1.0,22.6064572425829,47.52054794520548
195,FUCAP,https://www.fucap.edu.br/wp/,,,,,03.681.405/0001-20,1999-12-20,,7,118.85714285714286,53.538847235118034,103.42857142857143,40.59154430897838,2.5714285714285716,0.8571428571428571,1.149171270718232,22.824657534246576
196,G4EDUCAÇÃO,https://g4educacao.com/,,,,,42.080.852/0001-86,2021-05-25,,16,2496.4375,4573.825504552371,30.0,14.142135623730951,2.0,1.0,83.21458333333334,1.3808219178082193
199,IBC COACHING,https://www.ibccoaching.com.br/,,,,,21.210.915/0001-00,2014-10-10,,21,0.0,0.0,180.0,0.0,2.0,0.0,0.0,8.008219178082191
200,PORTALIBG,https://portalibg.com.br/,,,,,10.409.442/0001-40,2008-10-14,,8,,,19.25,4.892596447695231,2.5,0.0,,14.0
201,IMPACTA,https://impacta.com.br/,,,,,59.069.914/0001-51,1988-06-10,,21,796.1885714285712,750.8344517825974,18.19047619047619,21.968850345148432,2.380952380952381,1.0,43.76952879581151,34.35890410958904
204,INTEGRAÇÃO - ESCOLA DE NEGÓCIOS,https://integracao.com.br/?utm_source=google&utm_medium=cpc&utm_campaign=institucional&gclid=Cj0KCQiAqbyNBhC2ARIsALDwAsCAt3Pkty8Daa36METbFKP4ZMkrjm3EaBo9RVIixTXFpROWd4i5IN4aArWJEALw_wcB,,,,,03.493.782/0001-36,1999-09-30,,9,1350.0,664.6803743153547,12.0,3.39934634239519,2.2222222222222223,1.0,112.5,23.046575342465754
207,SLA COACHING,https://www.slacoaching.com.br/,,,,SP,15.229.739/0001-47,2012-02-15,,44,0.0,0.0,112.0,25.180280213450903,4.0,0.0,0.0,10.66027397260274
209,MACKENZIE,https://www.mackenzie.br/aluno-e-antigo-aluno/universidade/protagonismo-estudantil/empresa-junior,,,,SP,60.967.551/0008-27,2008-09-16,,25,19550.72,17751.013563219425,332.84,176.46295475254857,3.64,0.24,58.7390938589112,14.076712328767123
213,MICROLINS,https://www.microlins.com.br/,,,,SP,11.490.350/0001-08,2010-01-08,,8,1917.7987500000002,914.7582962241653,233.625,119.39214536559764,1.75,1.0,8.208876404494383,12.764383561643836
215,MULTIVIX,https://multivix.edu.br/,,,,ES,11.062.400/0001-48,2009-08-10,,5,149.0,0.0,53.0,33.1058907144937,3.0,1.0,2.811320754716981,13.178082191780822
233,UNESP,https://www2.unesp.br/,,,,SP,48.031.918/0038-16,2008-01-25,,3,0.0,0.0,393.3333333333333,24.944382578492945,4.0,0.0,0.0,14.72054794520548
234,UNIASSELVI,https://portal.uniasselvi.com.br/,,,,SC,01.894.432/0001-56,1997-05-30,,29,2513.2551724137934,719.9166961321274,358.62068965517244,98.67131567712782,3.586206896551724,1.0,7.008115384615385,25.383561643835616
239,UNOPAR,https://www.unopar.com.br/,,,,PR,13.284.099/0001-42,2011-02-21,,7,57.75714285714285,5.2489065916782405,34.285714285714285,9.035079029052513,3.4285714285714284,1.0,1.6845833333333333,11.643835616438356
241,UNIVILLE,https://www.univille.edu.br/,,,,SC,84.714.682/0001-94,1970-02-24,,38,3444.6666666666665,205.2974806361626,354.5263157894737,117.4695339768673,3.973684210526316,0.47368421052631576,9.716250989707046,52.66301369863014
243,UVA,https://www.uva.br/,,,,RJ,34.185.306/0017-49,2014-01-14,,5,0.0,0.0,3.2,1.9390719429665317,1.8,1.0,0.0,8.745205479452055
244,MIT,https://exec.mit.edu/s/,,,,,Fora do país,,,31,4610.0,1163.1422956801116,16.6,6.6513156593263565,2.870967741935484,1.0,277.71084337349396,
245,GISMA,https://www.gisma.com/,Alemanha,,,,Fora do país,,,3,6085.653333333333,1114.2919121526859,48.0,3.265986323710904,2.0,1.0,126.78444444444443,
247,AUSTRÁLIA BRASIL,https://australiabrasil.com.br/,Austrália,,,,Fora do país,,,4,77.5,37.239092362730865,4.25,2.48746859276655,3.0,1.0,18.235294117647058,
251,IMD,https://www.imd.org/IMD-Business-School/lp/world-best-business-school-in-the-world/?utm_source=Google&utm_medium=paid-search&utm_campaign=AD_SEM_BusSchool&mrk_cmpg_source=AD_SEM_AW_LP_BG-BS_17&utm_source=google&utm_medium=cpc&utm_campaign=AD_SEM_AW_LP_BG-BS_17&gclid=Cj0KCQiAqbyNBhC2ARIsALDwAsDFgXXxB40HB4c0LNVjd4wMu4QWU2VWWFB9mrScrTDKsfA71uIH-b8aAiowEALw_wcB,Suíça,,,,Fora do país,,,5,16833.12,0.0,50.0,0.0,2.0,1.0,336.6624,
256,FUTURE LEARN,https://www.futurelearn.com/subjects/business-and-management-courses,Inglaterra,,,,Fora do país,,,37,121.35999999999997,2.842170943040401e-14,10.297297297297296,3.6677179359324046,2.8378378378378377,1.0,11.78561679790026,
257,HARVARD BUSINESS SCHOOL ONLINE,https://online.hbs.edu/courses/,Estados Unidos,,,,Fora do país,,,17,7698.197647058822,2449.571496567198,52.88235294117647,25.120608724689813,2.3529411764705883,1.0,145.5721468298109,
258,CLASS CENTRAL,https://www.classcentral.com/subject/business,Estados Unidos,,,,Fora do país,,,43,0.0,0.0,18.0,11.632586693024544,2.4186046511627906,1.0,0.0,
260,OPEN CULTURE,https://www.openculture.com/business_free_courses,Estados Unidos,,,,Fora do país,,,7,0.0,0.0,32.42857142857143,11.818353074255105,2.2857142857142856,1.0,0.0,
271,SEBRAE AC,https://www.sebrae.com.br/sites/PortalSebrae/cursoseeventos?uf=AC,,,,AC,63.595.557/0001-32,1991-04-05,,49,0.0,0.0,11.346938775510203,11.321914852843006,2.183673469387755,1.0,0.0,31.53972602739726
272,SEBRAE AL,https://www.sebrae.com.br/sites/PortalSebrae/cursoseeventos?uf=AL,,,,AL,12.517.413/0001-27,1981-04-03,,121,0.0,0.0,7.616666666666666,14.056542565257251,2.1983471074380163,1.0,0.0,41.55068493150685
273,SEBRAE AP,https://www.sebrae.com.br/sites/PortalSebrae/cursoseeventos?uf=AP,,,,AP,04.662.409/0001-24,1981-01-07,,107,0.0,0.0,5.457943925233645,8.33782101774549,1.5,1.0,0.0,41.78630136986301
274,SEBRAE AM,https://www.sebrae.com.br/sites/PortalSebrae/cursoseeventos?uf=AM,,,,AM,04.322.004/0001-47,1975-02-18,,3,0.0,0.0,2.6666666666666665,0.9428090415820634,1.0,0.0,0.0,47.676712328767124
275,SEBRAE BA,https://www.sebrae.com.br/sites/PortalSebrae/cursoseeventos?uf=BA,,,,BA,14.797.724/0034-80,1991-04-24,,100,0.0,0.0,6.08,9.673344819657778,1.505050505050505,1.0,0.0,31.487671232876714
276,SEBRAE CE,https://www.sebrae.com.br/sites/PortalSebrae/cursoseeventos?uf=CE,,,,CE,07.121.494/0001-01,1972-01-31,,114,0.0,0.0,5.885964912280702,9.153427861342653,1.5398230088495575,1.0,0.0,50.728767123287675
277,SEBRAE DF,https://www.sebrae.com.br/sites/PortalSebrae/cursoseeventos?uf=DF,,,,DF,00.438.200/0001-20,1975-12-29,,4,0.0,0.0,4.0,0.0,1.0,0.0,0.0,46.81643835616438
278,SEBRAE ES,https://www.sebrae.com.br/sites/PortalSebrae/cursoseeventos?uf=ES,,,,ES,27.364.462/0001-44,1977-01-25,,33,73.33333333333333,216.79017458819436,7.848484848484849,11.822221531790891,1.696969696969697,0.0,9.343629343629344,45.73972602739726
279,SEBRAE GO,https://www.sebrae.com.br/sites/PortalSebrae/cursoseeventos?uf=GO,,,,GO,01.269.984/0001-73,1973-10-16,,18,0.0,0.0,7.111111111111111,6.045098003882419,1.7777777777777777,0.0,0.0,49.01917808219178
280,SEBRAE MA,https://www.sebrae.com.br/sites/PortalSebrae/cursoseeventos?uf=MA,,,,MA,06.053.847/0001-10,1973-04-24,,97,0.0,0.0,5.484536082474227,9.202323106584359,1.5104166666666667,1.0,0.0,49.4986301369863
281,SEBRAE MT,https://www.sebrae.com.br/sites/PortalSebrae/cursoseeventos?uf=MT,,,,MT,03.534.450/0001-52,1975-12-24,,2,260.0,80.0,18.0,6.0,1.5,0.0,14.444444444444445,46.83013698630137
282,SEBRAE MS,https://www.sebrae.com.br/sites/PortalSebrae/cursoseeventos?uf=MS,,,,MS,15.419.591/0001-03,1980-02-06,,13,0.0,0.0,3.076923076923077,2.1289773081689307,1.5384615384615385,0.0,0.0,42.706849315068496
283,SEBRAE MG,https://www.sebrae.com.br/sites/PortalSebrae/cursoseeventos?uf=MG,,,,MG,16.589.137/0001-63,1972-09-12,,103,0.0,0.0,5.689320388349515,8.526405730655743,1.5728155339805825,1.0,0.0,50.11232876712329
284,SEBRAE PA,https://www.sebrae.com.br/sites/PortalSebrae/cursoseeventos?uf=PA,,,,PA,05.081.187/0001-19,1974-09-19,,100,0.0,0.0,5.4646464646464645,7.548246343013107,1.52,1.0,0.0,48.09315068493151
285,SEBRAE PB,https://www.sebrae.com.br/sites/PortalSebrae/cursoseeventos?uf=PB,,,,PB,09.139.551/0001-05,1970-02-18,,18,59.72222222222222,42.897559572590495,7.166666666666667,6.157651067303722,1.8333333333333333,0.0,8.333333333333332,52.679452054794524
286,SEBRAE PR,https://www.sebrae.com.br/sites/PortalSebrae/cursoseeventos?uf=PR,,,,PR,75.110.585/0001-00,1972-11-22,,111,0.0,0.0,5.5675675675675675,8.264350469206098,1.509090909090909,1.0,0.0,49.917808219178085
287,SEBRAE PE,https://www.sebrae.com.br/sites/PortalSebrae/cursoseeventos?uf=PE,,,,PE,09.829.524/0001-64,1972-05-29,,8,17.5,18.540496217739157,2.75,1.0897247358851685,1.875,0.0,6.363636363636363,50.4027397260274
288,SEBRAE PI,https://www.sebrae.com.br/sites/PortalSebrae/cursoseeventos?uf=PI,,,,PI,06.665.129/0001-03,1973-12-03,,118,0.0,0.0,5.6440677966101696,9.007083298977845,1.547008547008547,1.0,0.0,48.88767123287671
289,SEBRAE RN,https://www.sebrae.com.br/sites/PortalSebrae/cursoseeventos?uf=RN,,,,RN,08.060.774/0001-10,1973-09-27,,109,0.0,0.0,5.541284403669724,8.829196883995865,1.537037037037037,1.0,0.0,49.07123287671233
290,SEBRAE RS,https://www.sebrae.com.br/sites/PortalSebrae/cursoseeventos?uf=RS,,,,RS,87.112.736/0001-30,1972-11-07,,105,0.0,0.0,5.533333333333333,8.381461023526201,1.561904761904762,1.0,0.0,49.95890410958904
291,SEBRAE RJ,https://www.sebrae.com.br/sites/PortalSebrae/cursoseeventos?uf=RJ,,,,RJ,29.737.103/0001-10,1977-09-14,,112,4.107142857142857,43.271435056359465,4.991071428571429,7.625726587997891,1.5363636363636364,0.9910714285714286,0.8228980322003576,45.104109589041094
292,SEBRAE RO,https://www.sebrae.com.br/sites/PortalSebrae/cursoseeventos?uf=RO,,,,RO,04.774.105/0001-59,1981-02-11,,100,0.0,0.0,5.55,8.560811877386397,1.55,1.0,0.0,41.69041095890411
293,SEBRAE RR,https://www.sebrae.com.br/sites/PortalSebrae/cursoseeventos?uf=RR,,,,RR,04.685.236/0001-60,1981-02-02,,119,0.0,0.0,5.781512605042017,8.972562906270648,1.5546218487394958,1.0,0.0,41.71506849315068
295,SEBRAE SE,https://www.sebrae.com.br/sites/PortalSebrae/cursoseeventos?uf=SE,,,,SE,13.115.183/0001-32,1975-12-02,,105,0.0,0.0,5.866666666666666,9.486899906780394,1.5809523809523809,1.0,0.0,46.89041095890411
296,SEBRAE SP,https://www.sebrae.com.br/sites/PortalSebrae/cursoseeventos?uf=SP,,,,SP,43.728.245/0001- 42,1973-07-18,,122,0.0,0.0,5.655737704918033,8.891670897027023,1.540983606557377,1.0,0.0,49.26575342465753
297,SEBRAE TO,https://www.sebrae.com.br/sites/PortalSebrae/cursoseeventos?uf=TO,,,,TO,25.089.962/0001-90,1989-08-08,,111,16.756756756756758,175.74634753121458,6.036036036036036,9.286169050708747,1.5135135135135136,0.990990990990991,2.776119402985075,33.1972602739726
298,SEBRAE 100% ONLINE,https://www.sebrae.com.br/sites/PortalSebrae/cursosonline,,,,,10.393.366/0001-21,2008-09-25,,112,0.0,0.0,7.205357142857143,10.871931745207426,1.7857142857142858,1.0,0.0,14.052054794520547
299,DESCOMPLICA,https://cursos-livres.descomplica.com.br/,,,,,10.393.366/0001-21,2008-09-25,,17,118.2,0.0,60.705882352941174,46.724177776899786,2.7058823529411766,1.0,1.9470930232558141,14.052054794520547
300,VERBO EDUCACIONAL,https://www.verboeducacional.com.br/cursos/,,,,,05.461.103/0001-72,2002-12-17,,10,159.0,0.0,15.6,6.069596362197407,2.7,1.0,10.192307692307693,19.83013698630137
301,UNINTER,https://extensaocommerce.uninter.com/CursosArea/1,,,,,02.261.854/0001-57,1997-11-18,,10,0.0,0.0,33.1,16.831220989577673,3.1,1.0,0.0,24.912328767123288
401,Cursos Módulos,https://www.cursosmodulos.com.br/,,,,MT,,,,1,,,8.0,0.0,1.0,1.0,,
402,BTC,https://www.btcompany.com.br/,,,,MT,,,,1,2800.0,0.0,18.0,0.0,3.0,1.0,155.55555555555554,
405,Senac MT,https://www.mt.senac.br/,,,,MT,,,,15,580.25,927.3093623237788,130.53333333333333,241.55934168554847,3.066666666666667,0.0,4.445224719101124,
406,Fatec Senai MT,https://www.fatecsenai.com.br/,,,,MT,,,,2,12600.0,0.0,360.0,0.0,4.0,1.0,35.0,
407,Fundação Uniselva - UFMT,https://web.fundacaouniselva.org.br/,,,,MT,,,,2,9504.0,1404.0,442.5,22.5,4.0,0.0,21.477966101694914,
408,Unic,https://www.unic.com.br/,,,,MT,,,,9,4903.593333333333,3620.3200470799384,360.0,0.0,4.0,0.8888888888888888,13.621092592592593,
409,Mercado e-commerce,https://www.mercadoecommerce.com.br/,,,,MT,,,,1,399.0,0.0,20.0,0.0,4.0,0.0,19.95,
410,Expert Digital,https://expertdigital.net/,,,,MT,,,,1,299.0,0.0,8.0,0.0,3.0,0.0,37.375,
411,Eprotec,https://www.eproteccg.com.br/,,,,MT,,,,3,1730.0,373.1844941401862,90.66666666666667,3.2998316455372216,3.0,0.0,19.080882352941174,
412, Unesc,https://digital.unesc.net/,,,,SC,,,,5,4776.0,0.0,360.0,0.0,3.0,0.8,13.266666666666667,
413,Fundação Empreender,http://www.fe.org.br/programas/pgve/,,,,SC,,,,2,6169.02,0.0,128.0,0.0,4.0,0.0,48.19546875,
415,AMPE - Blumenau,https://ampeblumenau.com.br/,,,,SC,,,,3,0.0,0.0,7.333333333333333,3.7712361663282534,1.0,1.0,0.0,
418,Universidade do Contestado,https://www.unc.br/,,,,SC,,,,6,95.0,11.180339887498949,36.666666666666664,7.4535599249993,1.1666666666666667,1.0,2.5909090909090913,
420,ACIB - Associação Empresarial de Blumenau,http://www.acibblumenau.com.br/,Rua Antônio Treis 607 - 2º andar,89015-400,Blumenau,SC,,,Checar cursos,2,1000.0,1000.0,5.5,1.5,2.5,0.0,181.8181818181818,
421,ACIT - Associação Empresarial de Tubarão,https://www.acittubarao.com.br/,Av. Marcolino Martins Cabral 1788 - Ed. Minas Center 2º andar,88705-001,Tubarão,SC,,,Possui Cursos,13,790.7707692307692,1555.9705711398447,12.307692307692308,33.400563365549615,2.4615384615384617,0.15384615384615385,64.250125,
423,ACIC - Associação Empresarial de Criciúma,https://www.acicri.com.br/sobre-acic,Rua Ernesto Bianchini Góes 91,88815-030,Criciúma,SC,,,Possui Cursos,21,536.2357142857143,181.34517149483136,9.285714285714286,2.3933013091674407,2.380952380952381,0.0,57.748461538461534,
432,ACIJ - Associação Empresarial de Joinville,https://www.acij.com.br/,Av. Aluísio Pires Condeixa 2.550,89.221-750,Joinville,SC,,,,18,552.8333333333334,366.03646600365437,10.444444444444445,5.908771466803703,2.388888888888889,0.05555555555555555,52.93085106382979,
433,ACISMO - São Miguel do Oeste,https://www.acismo.com.br/,Rua Sete de Setembro 2307,,São Miguel do Oeste,SC,,,Possui Cursos,3,,,2.0,0.0,1.0,0.0,,
441,ACIJS - Associação Empresarial de Jaraguá do Sul,https://acijs.com.br/,Rua Octaviano Lombardi 100,,Jaraguá do Sul,SC,,,Possui,5,677.4,360.80000000000007,25.6,19.200000000000003,2.8,0.0,26.460937499999996,
294,SEBRAE SC,https://www.sebrae.com.br/sites/PortalSebrae/cursoseeventos?uf=SC,,,,SC,82.515.859/0001-06,1972-08-08,,152,4023.0394736842104,8940.068790122705,16.115107913669064,27.320132281269288,2.1052631578947367,0.2236842105263158,249.64396734022557,50.20821917808219
